{
  "lr_custom": {
    "accuracy": 0.7311248073959938,
    "balanced_accuracy": 0.7399609478828028,
    "precision": 0.7556121561502944,
    "recall": 0.7311248073959938,
    "f1": 0.7357708990868989,
    "experiment": "Wine Classification",
    "timestamp": "20250819_094406"
  },
  "svm_custom": {
    "accuracy": 0.711864406779661,
    "balanced_accuracy": 0.7313863501605022,
    "precision": 0.7519129074711937,
    "recall": 0.711864406779661,
    "f1": 0.7170207951430075,
    "experiment": "Wine Classification",
    "timestamp": "20250819_094406"
  },
  "klr_custom": {
    "accuracy": 0.7457627118644068,
    "balanced_accuracy": 0.7470966488785296,
    "precision": 0.7609592756336735,
    "recall": 0.7457627118644068,
    "f1": 0.7494772451903526,
    "experiment": "Wine Classification",
    "timestamp": "20250819_094406"
  },
  "ksvm_custom": {
    "accuracy": 0.7611710323574731,
    "balanced_accuracy": 0.755724917704308,
    "precision": 0.7691984389063281,
    "recall": 0.7611710323574731,
    "f1": 0.7636615115975444,
    "experiment": "Wine Classification",
    "timestamp": "20250819_094406"
  }
}