model,model_key,train_accuracy,test_accuracy,performance_gap,fitting_status,fitting_confidence,samples_to_features_ratio,regularization,weight_magnitude,training_converged,training_epochs,training_improvement,learning_curve_gap
Logistic Regression,lr_custom,0.742631419021574,0.7303543913713405,0.01227702765023353,good_fit,0.6666666666666666,548.5,0.02,1.712739840296468,False,1200.0,-0.015984296820989095,0.018256120839437395
Linear SVM,svm_custom,0.7405044059556366,0.7134052388289677,0.027099167126668933,good_fit,1.0,548.5,0.04,1.366735219043336,,,,0.028474960191660625
Kernel Logistic Regression,klr_custom,0.7535703433606806,0.7218798151001541,0.03169052826052654,good_fit,1.0,548.5,0.0,,,,,0.014718668226694764
Kernel SVM,ksvm_custom,0.7371619568520207,0.6741140215716487,0.063047935280372,good_fit,0.6666666666666666,548.5,0.0,,,,,-0.0499841047559787
