model,model_key,train_accuracy,test_accuracy,performance_gap,fitting_status,fitting_confidence,samples_to_features_ratio,regularization,weight_magnitude,training_converged,training_epochs,training_improvement,learning_curve_gap
Logistic Regression,lr_custom,0.742631419021574,0.7303543913713405,0.01227702765023353,good_fit,0.6666666666666666,548.5,0.02,1.712739840296468,False,1200.0,-0.015984296820989095,0.018256120839437395
Linear SVM,svm_custom,0.7382254633849894,0.714175654853621,0.0240498085313684,good_fit,1.0,548.5,0.12,0.9725389749914395,,,,0.05031933287731072
Kernel Logistic Regression,klr_custom,0.7582801580066849,0.7457627118644068,0.012517446142278121,good_fit,1.0,548.5,0.0,,,,,0.014718668226694764
Kernel SVM,ksvm_custom,0.7423275600121544,0.6941448382126348,0.048182721799519546,good_fit,1.0,548.5,0.0,,,,,0.015970155333287384
