{
  "lr_custom": {
    "accuracy": 0.7311248073959938,
    "balanced_accuracy": 0.7399609478828028,
    "precision": 0.7556121561502944,
    "recall": 0.7311248073959938,
    "f1": 0.7357708990868989,
    "experiment": "Wine Classification",
    "timestamp": "20250818_132947"
  },
  "svm_custom": {
    "accuracy": 0.7018489984591679,
    "balanced_accuracy": 0.7243631029053957,
    "precision": 0.7472028122802293,
    "recall": 0.7018489984591679,
    "f1": 0.7070252466697685,
    "experiment": "Wine Classification",
    "timestamp": "20250818_132947"
  },
  "klr_custom": {
    "accuracy": 0.7457627118644068,
    "balanced_accuracy": 0.7501916825124211,
    "precision": 0.7640293405497792,
    "recall": 0.7457627118644068,
    "f1": 0.7497763931084106,
    "experiment": "Wine Classification",
    "timestamp": "20250818_132947"
  },
  "ksvm_custom": {
    "accuracy": 0.7611710323574731,
    "balanced_accuracy": 0.755724917704308,
    "precision": 0.7691984389063281,
    "recall": 0.7611710323574731,
    "f1": 0.7636615115975444,
    "experiment": "Wine Classification",
    "timestamp": "20250818_132947"
  }
}