{
  "lr_custom": {
    "accuracy": 0.7311248073959938,
    "balanced_accuracy": 0.7399609478828028,
    "precision": 0.7556121561502944,
    "recall": 0.7311248073959938,
    "f1": 0.7357708990868989,
    "experiment": "Wine Classification",
    "timestamp": "20250823_110618"
  },
  "svm_custom": {
    "accuracy": 0.7049306625577813,
    "balanced_accuracy": 0.7276804882536956,
    "precision": 0.7503325887612123,
    "recall": 0.7049306625577813,
    "f1": 0.7100534094948872,
    "experiment": "Wine Classification",
    "timestamp": "20250823_110618"
  },
  "klr_custom": {
    "accuracy": 0.7958397534668721,
    "balanced_accuracy": 0.7861922141119222,
    "precision": 0.7987638433723039,
    "recall": 0.7958397534668721,
    "f1": 0.7969505459111643,
    "experiment": "Wine Classification",
    "timestamp": "20250823_110618"
  },
  "ksvm_custom": {
    "accuracy": 0.7388289676425269,
    "balanced_accuracy": 0.7341056860700484,
    "precision": 0.7491964599441394,
    "recall": 0.7388289676425269,
    "f1": 0.7419331524233664,
    "experiment": "Wine Classification",
    "timestamp": "20250823_110618"
  }
}