{
  "lr_custom": {
    "accuracy": 0.7211093990755008,
    "balanced_accuracy": 0.7316112576417428,
    "precision": 0.748544566906552,
    "recall": 0.7211093990755008,
    "f1": 0.7260439305838291,
    "experiment": "Wine Classification",
    "timestamp": "20250823_191303"
  },
  "svm_custom": {
    "accuracy": 0.6933744221879815,
    "balanced_accuracy": 0.7172299576765013,
    "precision": 0.7415429652378417,
    "recall": 0.6933744221879815,
    "f1": 0.6985691344443561,
    "experiment": "Wine Classification",
    "timestamp": "20250823_191303"
  },
  "klr_custom": {
    "accuracy": 0.7912172573189522,
    "balanced_accuracy": 0.7812161360894723,
    "precision": 0.7941869150246644,
    "recall": 0.7912172573189522,
    "f1": 0.7923531997808513,
    "experiment": "Wine Classification",
    "timestamp": "20250823_191303"
  },
  "ksvm_custom": {
    "accuracy": 0.7611710323574731,
    "balanced_accuracy": 0.755724917704308,
    "precision": 0.7691984389063281,
    "recall": 0.7611710323574731,
    "f1": 0.7636615115975444,
    "experiment": "Wine Classification",
    "timestamp": "20250823_191303"
  }
}