{
  "lr_custom": {
    "accuracy": 0.7303543913713405,
    "balanced_accuracy": 0.7389105277147355,
    "precision": 0.7545995335192673,
    "recall": 0.7303543913713405,
    "f1": 0.7350016836069747,
    "experiment": "Wine Classification",
    "timestamp": "20250814_193515"
  },
  "svm_custom": {
    "accuracy": 0.699537750385208,
    "balanced_accuracy": 0.720327547077225,
    "precision": 0.7426089476584875,
    "recall": 0.699537750385208,
    "f1": 0.7048325641218799,
    "experiment": "Wine Classification",
    "timestamp": "20250814_193515"
  },
  "klr_custom": {
    "accuracy": 0.7326656394453005,
    "balanced_accuracy": 0.7451568218528287,
    "precision": 0.7613289088024323,
    "recall": 0.7326656394453005,
    "f1": 0.7374330084138345,
    "experiment": "Wine Classification",
    "timestamp": "20250814_193515"
  },
  "ksvm_custom": {
    "accuracy": 0.726502311248074,
    "balanced_accuracy": 0.7358691651843219,
    "precision": 0.7520637849169384,
    "recall": 0.726502311248074,
    "f1": 0.7312740799223499,
    "experiment": "Wine Classification",
    "timestamp": "20250814_193515"
  }
}