{
  "lr_custom": {
    "accuracy": 0.7311248073959938,
    "balanced_accuracy": 0.7399609478828028,
    "precision": 0.7556121561502944,
    "recall": 0.7311248073959938,
    "f1": 0.7357708990868989,
    "experiment": "Wine Classification",
    "timestamp": "20250821_193816"
  },
  "svm_custom": {
    "accuracy": 0.7018489984591679,
    "balanced_accuracy": 0.7243631029053957,
    "precision": 0.7472028122802293,
    "recall": 0.7018489984591679,
    "f1": 0.7070252466697685,
    "experiment": "Wine Classification",
    "timestamp": "20250821_193816"
  },
  "klr_custom": {
    "accuracy": 0.7958397534668721,
    "balanced_accuracy": 0.7861922141119222,
    "precision": 0.7987638433723039,
    "recall": 0.7958397534668721,
    "f1": 0.7969505459111643,
    "experiment": "Wine Classification",
    "timestamp": "20250821_193816"
  },
  "ksvm_custom": {
    "accuracy": 0.6756548536209553,
    "balanced_accuracy": 0.7076611666564436,
    "precision": 0.7384892159335974,
    "recall": 0.6756548536209553,
    "f1": 0.680078982515534,
    "experiment": "Wine Classification",
    "timestamp": "20250821_193816"
  }
}