{
  "lr_custom": {
    "accuracy": 0.7211093990755008,
    "balanced_accuracy": 0.7316112576417428,
    "precision": 0.748544566906552,
    "recall": 0.7211093990755008,
    "f1": 0.7260439305838291,
    "experiment": "Wine Classification",
    "timestamp": "20250824_101841"
  },
  "svm_custom": {
    "accuracy": 0.6979969183359014,
    "balanced_accuracy": 0.7217638880369666,
    "precision": 0.7455927973885158,
    "recall": 0.6979969183359014,
    "f1": 0.7031439404662418,
    "experiment": "Wine Classification",
    "timestamp": "20250824_101841"
  },
  "klr_custom": {
    "accuracy": 0.788135593220339,
    "balanced_accuracy": 0.7801094890510949,
    "precision": 0.7924827001470354,
    "recall": 0.788135593220339,
    "f1": 0.7896596671579286,
    "experiment": "Wine Classification",
    "timestamp": "20250824_101841"
  },
  "ksvm_custom": {
    "accuracy": 0.7611710323574731,
    "balanced_accuracy": 0.755724917704308,
    "precision": 0.7691984389063281,
    "recall": 0.7611710323574731,
    "f1": 0.7636615115975444,
    "experiment": "Wine Classification",
    "timestamp": "20250824_101841"
  }
}