{
  "lr_custom": {
    "accuracy": 0.7211093990755008,
    "balanced_accuracy": 0.7316112576417428,
    "precision": 0.748544566906552,
    "recall": 0.7211093990755008,
    "f1": 0.7260439305838291,
    "experiment": "Wine Classification",
    "timestamp": "20250824_174518"
  },
  "svm_custom": {
    "accuracy": 0.7087827426810478,
    "balanced_accuracy": 0.7267425218262487,
    "precision": 0.7469784734288432,
    "recall": 0.7087827426810478,
    "f1": 0.7140256468086931,
    "experiment": "Wine Classification",
    "timestamp": "20250824_174518"
  },
  "klr_custom": {
    "accuracy": 0.7958397534668721,
    "balanced_accuracy": 0.7861922141119222,
    "precision": 0.7987638433723039,
    "recall": 0.7958397534668721,
    "f1": 0.7969505459111643,
    "experiment": "Wine Classification",
    "timestamp": "20250824_174518"
  },
  "ksvm_custom": {
    "accuracy": 0.7619414483821263,
    "balanced_accuracy": 0.7567753378723753,
    "precision": 0.7701277317891934,
    "recall": 0.7619414483821263,
    "f1": 0.7644570234004862,
    "experiment": "Wine Classification",
    "timestamp": "20250824_174518"
  }
}