{
  "lr_custom": {
    "accuracy": 0.7211093990755008,
    "balanced_accuracy": 0.7316112576417428,
    "precision": 0.748544566906552,
    "recall": 0.7211093990755008,
    "f1": 0.7260439305838291,
    "experiment": "Wine Classification",
    "timestamp": "20250824_114156"
  },
  "svm_custom": {
    "accuracy": 0.6941448382126348,
    "balanced_accuracy": 0.718722525506553,
    "precision": 0.743336148995205,
    "recall": 0.6941448382126348,
    "f1": 0.6992773124036543,
    "experiment": "Wine Classification",
    "timestamp": "20250824_114156"
  },
  "klr_custom": {
    "accuracy": 0.788135593220339,
    "balanced_accuracy": 0.7801094890510949,
    "precision": 0.7924827001470354,
    "recall": 0.788135593220339,
    "f1": 0.7896596671579286,
    "experiment": "Wine Classification",
    "timestamp": "20250824_114156"
  },
  "ksvm_custom": {
    "accuracy": 0.7218798151001541,
    "balanced_accuracy": 0.7428310740354536,
    "precision": 0.7629472119983317,
    "recall": 0.7218798151001541,
    "f1": 0.7268375777368203,
    "experiment": "Wine Classification",
    "timestamp": "20250824_114156"
  }
}