{
  "lr_custom": {
    "accuracy": 0.7311248073959938,
    "balanced_accuracy": 0.7399609478828028,
    "precision": 0.7556121561502944,
    "recall": 0.7311248073959938,
    "f1": 0.7357708990868989,
    "experiment": "Wine Classification",
    "timestamp": "20250820_214233"
  },
  "svm_custom": {
    "accuracy": 0.7134052388289677,
    "balanced_accuracy": 0.7259706802429,
    "precision": 0.7441196145336887,
    "recall": 0.7134052388289677,
    "f1": 0.7185575698241671,
    "experiment": "Wine Classification",
    "timestamp": "20250820_214233"
  },
  "klr_custom": {
    "accuracy": 0.7958397534668721,
    "balanced_accuracy": 0.7861922141119222,
    "precision": 0.7987638433723039,
    "recall": 0.7958397534668721,
    "f1": 0.7969505459111643,
    "experiment": "Wine Classification",
    "timestamp": "20250820_214233"
  },
  "ksvm_custom": {
    "accuracy": 0.7611710323574731,
    "balanced_accuracy": 0.755724917704308,
    "precision": 0.7691984389063281,
    "recall": 0.7611710323574731,
    "f1": 0.7636615115975444,
    "experiment": "Wine Classification",
    "timestamp": "20250820_214233"
  }
}