{
  "lr_custom": {
    "accuracy": 0.7311248073959938,
    "balanced_accuracy": 0.7399609478828028,
    "precision": 0.7556121561502944,
    "recall": 0.7311248073959938,
    "f1": 0.7357708990868989,
    "experiment": "Wine Classification",
    "timestamp": "20250820_200508"
  },
  "svm_custom": {
    "accuracy": 0.6979969183359014,
    "balanced_accuracy": 0.7208795927129976,
    "precision": 0.7442696043119699,
    "recall": 0.6979969183359014,
    "f1": 0.7032009672121419,
    "experiment": "Wine Classification",
    "timestamp": "20250820_200508"
  },
  "klr_custom": {
    "accuracy": 0.7457627118644068,
    "balanced_accuracy": 0.7501916825124211,
    "precision": 0.7640293405497792,
    "recall": 0.7457627118644068,
    "f1": 0.7497763931084106,
    "experiment": "Wine Classification",
    "timestamp": "20250820_200508"
  },
  "ksvm_custom": {
    "accuracy": 0.7534668721109399,
    "balanced_accuracy": 0.7354934674599767,
    "precision": 0.7539116978914335,
    "recall": 0.7534668721109399,
    "f1": 0.7536819816367539,
    "experiment": "Wine Classification",
    "timestamp": "20250820_200508"
  }
}