{
  "lr_scratch": {
    "accuracy": 0.7318952234206472,
    "balanced_accuracy": 0.7414535157128546,
    "precision": 0.757136518118877,
    "recall": 0.7318952234206472,
    "f1": 0.7365621666469124,
    "experiment": "SMOTE_OVERSAMPLING",
    "timestamp": "20250801_121518"
  },
  "lr_sklearn": {
    "accuracy": 0.7357473035439137,
    "balanced_accuracy": 0.745379173567237,
    "precision": 0.7606858187630041,
    "recall": 0.7357473035439137,
    "f1": 0.7403362909677617,
    "experiment": "SMOTE_OVERSAMPLING",
    "timestamp": "20250801_121518"
  },
  "svm_scratch": {
    "accuracy": 0.7010785824345146,
    "balanced_accuracy": 0.721986239751375,
    "precision": 0.7441679146433208,
    "recall": 0.7010785824345146,
    "f1": 0.7063462432802294,
    "experiment": "SMOTE_OVERSAMPLING",
    "timestamp": "20250801_121518"
  },
  "svm_sklearn": {
    "accuracy": 0.7218798151001541,
    "balanced_accuracy": 0.7384095974156086,
    "precision": 0.7568174264868348,
    "recall": 0.7218798151001541,
    "f1": 0.7269111608814316,
    "experiment": "SMOTE_OVERSAMPLING",
    "timestamp": "20250801_121518"
  },
  "klr_scratch": {
    "accuracy": 0.7249614791987673,
    "balanced_accuracy": 0.736863358482079,
    "precision": 0.7536902465102329,
    "recall": 0.7249614791987673,
    "f1": 0.7298662363220141,
    "experiment": "SMOTE_OVERSAMPLING",
    "timestamp": "20250801_121518"
  },
  "ksvm_scratch": {
    "accuracy": 0.7134052388289677,
    "balanced_accuracy": 0.7290657138767915,
    "precision": 0.7480596561213123,
    "recall": 0.7134052388289677,
    "f1": 0.7185901282214785,
    "experiment": "SMOTE_OVERSAMPLING",
    "timestamp": "20250801_121518"
  },
  "rbf_svm_sklearn": {
    "accuracy": 0.7696456086286595,
    "balanced_accuracy": 0.7177590014107833,
    "precision": 0.7706062795829797,
    "recall": 0.7696456086286595,
    "f1": 0.7571695779173684,
    "experiment": "SMOTE_OVERSAMPLING",
    "timestamp": "20250801_121518"
  },
  "poly_svm_sklearn": {
    "accuracy": 0.7588597842835131,
    "balanced_accuracy": 0.7583215768059048,
    "precision": 0.7711617511232179,
    "recall": 0.7588597842835131,
    "f1": 0.7620656198173299,
    "experiment": "SMOTE_OVERSAMPLING",
    "timestamp": "20250801_121518"
  }
}