{
  "lr_custom": {
    "accuracy": 0.7311248073959938,
    "balanced_accuracy": 0.7399609478828028,
    "precision": 0.7556121561502944,
    "recall": 0.7311248073959938,
    "f1": 0.7357708990868989,
    "experiment": "Wine Classification",
    "timestamp": "20250822_214810"
  },
  "svm_custom": {
    "accuracy": 0.711864406779661,
    "balanced_accuracy": 0.7296177595125641,
    "precision": 0.7494682865013349,
    "recall": 0.711864406779661,
    "f1": 0.7170594599795586,
    "experiment": "Wine Classification",
    "timestamp": "20250822_214810"
  },
  "klr_custom": {
    "accuracy": 0.7958397534668721,
    "balanced_accuracy": 0.7861922141119222,
    "precision": 0.7987638433723039,
    "recall": 0.7958397534668721,
    "f1": 0.7969505459111643,
    "experiment": "Wine Classification",
    "timestamp": "20250822_214810"
  },
  "ksvm_custom": {
    "accuracy": 0.7272727272727273,
    "balanced_accuracy": 0.7413410619722341,
    "precision": 0.7584582666772627,
    "recall": 0.7272727272727273,
    "f1": 0.732184086692835,
    "experiment": "Wine Classification",
    "timestamp": "20250822_214810"
  }
}